{"HEIGHT":950,"WIDTH":950,"a1":10.0,"a2":4.0,"b1":8.0,"b2":3.0,"basicRot":40.0,"basicSpeed":30.0,"camera":{"pitch":-15.277938842773438,"posX":4.900903224945068,"posY":15.139469146728516,"posZ":60.62105178833008,"stdDirX":-0.21321122348308563,"stdDirY":-0.26350167393684387,"stdDirZ":-0.940801739692688,"stdRX":0.9752687215805054,"stdRY":-0.0,"stdRZ":-0.22102238237857819,"yaw":-102.76908874511719},"clearColor":[0.0,0.0,0.0,1.0],"emission":[0.0005865799612365663,0.0003929724916815758,1.9194699234503787e-06,1.0],"frustum":[-0.05000000074505806,0.05000000074505806,-0.05000000074505806,0.05000000074505806,0.10000000149011612,1000.0],"global_ambientf":[0.0,0.0,0.0,1.0],"global_ambientt":[0.0,0.5,0.0,1.0],"light0_ambient":[1.0,1.0,1.0,0.0],"light0_diffuse":[1.0,1.0,0.8999999761581421,0.0],"light0_direction":[0.0,0.0,1.0,0.0],"light0_specular":[0.0,0.0,0.0,1.0],"light1_ambient":[0.0,0.0,0.0,1.0],"light1_diffuse":[0.0,0.0,0.0,1.0],"light1_direction":[0.0,0.0,50.0,1.0],"light1_specular":[1.0,1.0,1.0,1.0],"light1_spot_dir":[0.0,0.0,-1.0],"linAtt":0.009999999776482582,"lo":1.5,"mat_amb_dif":[0.5988244414329529,0.40117552876472473,0.001959537621587515,1.0],"mat_amb_dif1":[0.6000000238418579,0.4000000059604645,0.0,1.0],"mat_amb_dif2":[0.0,1.0,1.0,1.0],"mat_amb_dif3":[0.44999998807907104,0.44999998807907104,0.44999998807907104,1.0],"mat_spec":[1.0,1.0,1.0,1.0],"n1":90,"n2":90,"rModel":[-0.6959612965583801,0.31953665614128113,-0.6430662870407104,0.0,-0.5343485474586487,0.36779001355171204,0.7610521912574768,0.0,0.47969746589660645,0.8732837438583374,-0.08522359281778336,0.0,0.0,0.0,0.0,1.0],"rotVCoef":2.0,"s":20.0,"shininess":128.0,"sp":2,"spCut":20.0,"spExp":10.0,"twinDur":7.0}
