{"HEIGHT":950,"WIDTH":950,"a1":10.0,"a2":4.0,"b1":8.0,"b2":3.0,"basicRot":40.0,"basicSpeed":30.0,"camera":{"pitch":0.0,"posX":0.0,"posY":0.0,"posZ":50.0,"stdDirX":0.0,"stdDirY":0.0,"stdDirZ":-1.0,"stdRX":1.0,"stdRY":0.0,"yaw":-90.0},"clearColor":[0.0,0.0,0.0,1.0],"emission":[0.0,0.0,0.0,1.0],"frustum":[-0.05000000074505806,0.05000000074505806,-0.05000000074505806,0.05000000074505806,0.10000000149011612,1000.0],"global_ambientf":[0.0,0.0,0.0,1.0],"global_ambientt":[0.0,0.5,0.0,1.0],"light0_ambient":[1.0,1.0,1.0,0.0],"light0_diffuse":[1.0,1.0,0.8999999761581421,0.0],"light0_direction":[0.0,0.0,1.0,0.0],"light0_specular":[0.0,0.0,0.0,1.0],"light1_ambient":[0.0,0.0,0.0,1.0],"light1_diffuse":[0.0,0.0,0.0,1.0],"light1_direction":[0.0,0.0,50.0,1.0],"light1_specular":[1.0,1.0,1.0,1.0],"light1_spot_dir":[0.0,0.0,-1.0],"linAtt":0.009999999776482582,"lo":1.5,"mat_amb_dif":[0.6000000238418579,0.4000000059604645,0.0,1.0],"mat_amb_dif1":[0.6000000238418579,0.4000000059604645,0.0,1.0],"mat_amb_dif2":[0.0,1.0,1.0,1.0],"mat_amb_dif3":[0.44999998807907104,0.44999998807907104,0.44999998807907104,1.0],"mat_spec":[1.0,1.0,1.0,1.0],"n1":90,"n2":90,"rModel":[1.0,0.0,0.0,0.0,0.0,1.0,0.0,0.0,0.0,0.0,1.0,0.0,0.0,0.0,0.0,1.0],"rotVCoef":2.0,"s":20.0,"shininess":128.0,"sp":2,"spCut":20.0,"spExp":10.0,"twinDur":7.0}
